,MAE,RMSE,MAPE
ARIMA,0.008195,0.011585,inf
ARIMAX,0.000838,0.000866,inf
SARIMA,0.008181,0.011559,inf
