MAE,RMSE,MAPE
0.008275022730231285,0.011847532354295254,621714.74609375
