,MAE,RMSE,MAPE
Classical,0.000838,0.000866,372619.109058
DL-LSTM,0.008275,0.011848,621714.753384
Hybrid,0.000834,0.000862,370727.88358
