MAE,RMSE,MAPE
0.0008337905638299983,0.0008617494407730266,370727.88358051755
