MAE,RMSE,MAPE
0.0009007165996001485,0.0009277451900216156,399417.1582775647
