{
  "seq_len": 14,
  "hidden": 96,
  "dropout": 0.017631544582637992,
  "lr": 0.0001190696835088992
}