{
  "seq_len": 14,
  "hidden": 64,
  "dropout": 0.22524180349217862,
  "lr": 0.00013747745147873618
}